Date,Clicks,Impressions,CTR,Position
2026-05-02,0,0,,
2026-05-03,4,55,7.27%,5.5
2026-05-04,0,50,0%,12.5
2026-05-05,2,70,2.86%,8.8
2026-05-06,1,89,1.12%,6.9
2026-05-07,7,84,8.33%,6.9
2026-05-08,2,76,2.63%,6.6
2026-05-09,1,73,1.37%,6.6
2026-05-10,3,60,5%,6.5
2026-05-11,3,59,5.08%,6.3
2026-05-12,0,60,0%,7.4
2026-05-13,0,37,0%,5.5
2026-05-14,1,58,1.72%,4.9
2026-05-15,2,63,3.17%,6.3
2026-05-16,1,46,2.17%,5.8
2026-05-17,4,72,5.56%,6.1
2026-05-18,5,102,4.9%,8.4
2026-05-19,6,154,3.9%,7.4
2026-05-20,1,157,0.64%,9
2026-05-21,6,77,7.79%,7.7
2026-05-22,1,53,1.89%,5.7
2026-05-23,0,44,0%,7.3
2026-05-24,0,56,0%,7.2
2026-05-25,1,47,2.13%,6.8
2026-05-26,2,52,3.85%,6.9